miRNA,A1,A2,B1,B2,C1,C2
miR-214-3p,2.116387241,9.482310694,1.890999962,0.663213081,4.462159837,7.123908745
miR-218a-2-3p,9.696901543,1.810259314,5.415136254,3.165335157,3.604052176,1.888915197
miR-412-3p,8.080751286,2.262824143,3.158829481,3.798402189,3.604052176,4.533396474
miR-210-5p,4.040375643,4.525648286,2.707568127,8.862938441,2.948769962,4.911179513
miR-370-5p,5.925884276,4.148510928,3.309249933,2.321245782,2.102363769,5.887119032
miR-216b-5p,0.808075129,5.430777943,8.12270438,4.43146922,5.569898818,2.644481276
let-7c-1-3p,5.6565259,3.620518628,6.317658962,3.798402189,3.604052176,4.155613434
miR-188-5p,4.232774483,5.215270881,3.309249933,3.979278484,6.864861288,3.95772708
miR-298-3p,6.868638593,4.073083457,4.06135219,1.266134063,5.242257711,4.911179513
miR-3552,1.693109793,15.64581264,3.309249933,3.316065403,1.372972258,5.145045205
miR-181a-2-3p,4.210496723,4.716201898,12.01780239,4.398149903,4.55248696,3.936896938
miR-540-5p,1.932353568,4.761769066,5.179695547,6.055423779,4.074145938,6.143080729
miR-20a-3p,2.53966469,4.267039812,5.672999885,5.968917725,6.178375159,5.936590621
miR-150-3p,6.081828599,4.716201898,6.270157767,5.864199871,4.931860873,6.124061903
miR-21-3p,3.636338079,6.3359076,6.317658962,4.43146922,4.586975497,4.911179513
miR-32-3p,4.848450771,4.073083457,4.512613545,0.633067031,6.880463246,6.800094711
miR-770-3p,6.274465704,4.099704918,6.423838105,9.831158606,5.088073661,8.800122567
miR-101a-5p,7.676713721,4.978213114,8.573965735,4.43146922,3.931693283,4.911179513
miR-133b-3p,5.252488336,6.788472428,7.671443026,6.963737346,3.604052176,5.288962553
miR-216a-5p,1.212112693,5.883342771,9.927749798,5.697603283,8.846309887,3.777830395
miR-1306-5p,8.48478885,5.430777943,5.866397608,4.43146922,5.569898818,6.044528632
miR-299a-5p,10.10093911,4.073083457,7.671443026,2.532268126,3.276411069,8.311226869
miR-3074,9.292863979,9.5038614,4.512613545,5.697603283,4.586975497,4.533396474
miR-1-3p,7.272676157,8.146166914,8.12270438,6.330670315,7.208104353,3.777830395
miR-764-5p,2.82826295,14.48207451,8.12270438,3.165335157,3.931693283,8.689009908
miR-666-5p,11.11103302,4.978213114,6.949424859,5.570989877,9.370535658,6.233420152
miR-351-3p,6.349161724,11.85288837,5.672999885,4.642491564,6.864861288,7.915454161
miR-128-1-5p,11.00521366,6.163501951,6.145749875,5.305704645,8.924319675,5.145045205
miR-6329,6.570002132,7.359097647,8.201184616,6.660966157,6.58131267,5.059007659
miR-200c-3p,4.656051931,6.163501951,8.509499827,8.621770048,8.237833546,8.311226869
miR-449a-5p,4.040375643,10.86155589,7.671443026,6.330670315,5.569898818,8.311226869
miR-342-5p,11.71708936,6.788472428,3.610090836,10.1290725,4.586975497,8.689009908
let-7a-2-3p,4.040375643,11.76668554,9.025227089,7.596804378,6.552822139,6.422311671
miR-672-3p,8.042271518,8.534079624,8.982249817,9.948196209,5.835132095,7.915454161
miR-6325,3.091765709,6.92620955,7.76954332,12.11084756,11.90904197,3.6135769
miR-205,6.183531419,4.761769066,4.748054251,10.8997628,10.34206277,7.949869179
miR-296-5p,8.465548966,7.11173302,4.727499904,12.60104853,9.610805803,7.519681453
miR-344i,9.292863979,8.146166914,4.963874899,5.064536252,7.208104353,10.95570815
miR-6318,13.33323962,5.883342771,7.220181671,4.43146922,8.191027673,7.55566079
miR-195-3p,6.183531419,8.657761938,6.474619434,7.872050913,7.834896035,9.395299939
miR-218a-1-3p,11.00521366,9.956426228,6.618499865,4.642491564,9.610805803,7.519681453
miR-18a-5p,6.570002132,9.956426228,6.042978138,4.844339023,8.461687718,9.756657629
miR-667-5p,10.37029748,6.637617486,8.686781073,10.44560602,6.60742899,4.501914554
miR-141-3p,6.060563464,9.5038614,12.18405657,12.66134063,7.863386566,6.422311671
miR-542-5p,9.292863979,9.956426228,11.73279522,6.963737346,8.191027673,6.800094711
miR-503-3p,11.59412141,6.92620955,8.632825911,8.477593291,7.521500194,8.672584559
miR-383-3p,11.4284911,7.11173302,11.81874976,7.295343887,9.954048868,8.706999577
miR-188-3p,9.333267735,4.480391803,16.87717466,12.53472722,10.81215653,8.726788212
miR-672-5p,6.956472846,7.791985744,11.22267368,12.71638994,7.834896035,10.8407307
miR-664-2-5p,11.85176855,8.534079624,8.036749837,13.26426161,11.32702113,9.102772285
miR-6315,10.04823856,10.38931433,5.611336842,10.29422042,11.28225029,10.11801532
miR-31a-3p,6.183531419,12.12086671,14.67580405,13.32193231,6.894708511,10.11801532
miR-9b-5p,14.03498908,11.52849353,13.06282868,13.92747469,12.13996523,10.06095884
miR-146a-3p,14.39143324,9.956426228,13.23699973,9.948196209,9.610805803,11.47740853
miR-702-5p,9.312103863,10.43054176,7.091249856,15.91711393,14.41620871,12.26895395
miR-499-3p,2.424225386,7.241037257,12.18405657,7.596804378,16.38205535,19.26693501
miR-23b-5p,12.275046,17.06815925,11.81874976,14.59068777,12.69999338,8.311226869
miR-493-3p,9.735381311,12.3270039,17.96449963,20.5596055,8.924319675,11.47740853
miR-3072,18.16412354,9.956426228,9.927749798,9.083135669,10.96885445,13.00887684
miR-204-3p,6.464601029,32.58466766,12.18405657,6.330670315,2.948769962,17.37801982
miR-200a-3p,15.75746501,11.31412071,18.50171553,17.72587688,9.173950994,8.689009908
miR-328b-3p,19.75294759,6.084482695,7.170041521,37.13993251,14.81665895,16.16071891
miR-1843-3p,18.18169039,10.86155589,12.18405657,17.09280985,9.501592101,13.60018942
miR-223-3p,14.81471069,19.43873692,14.18249971,17.90675318,9.954048868,14.24781749
miR-27b-5p,12.22213632,14.93463934,11.58237476,11.60622891,14.71654639,11.42793694
miR-135a-3p,8.48478885,13.12438003,12.63531792,23.42348016,12.12272096,19.26693501
miR-99a-3p,14.94938988,15.839769,18.95297689,12.0282736,14.41620871,11.33349118
miR-19a-3p,14.68588712,9.090650035,15.53908664,15.74410183,10.02866693,20.95874602
miR-25-5p,17.77765283,11.31412071,15.79414741,20.25814501,13.10564428,13.22240638
miR-1224,14.39143324,12.3270039,13.23699973,12.60104853,19.22161161,20.18440811
miR-344b-5p,22.22206604,7.241037257,12.18405657,18.35894391,15.07149092,18.51136894
miR-146b-3p,17.77765283,17.06815925,17.01899965,20.5596055,14.41620871,20.58018082
miR-34b-5p,5.410589991,41.9901454,20.71878219,1.816627134,4.700937621,24.21096523
miR-6324,12.36706284,17.31552388,13.38088016,15.74410183,21.9377089,16.26109605
miR-671,18.20093028,21.33519906,19.8554996,15.91711393,16.47566709,17.41399915
miR-191a-3p,19.79784065,15.839769,19.40423824,13.29440766,17.36497867,18.1335859
miR-412-5p,18.22209415,18.41938852,18.86272462,11.83835349,21.26390784,23.68699658
miR-935,21.64235997,12.98664291,14.67580405,24.22169512,12.53583366,18.79059988
miR-378b,17.35437538,28.44693208,18.43724963,17.90675318,12.69999338,18.99708999
miR-488-5p,13.96815579,19.43873692,17.96449963,24.53888398,19.90809774,19.39286269
miR-551b-3p,19.32353568,21.64440484,15.53908664,13.92747469,17.23677128,15.17702298
miR-3102,27.08975669,16.59404371,16.54624966,9.284983128,18.87836854,22.55904436
miR-879-3p,19.89404007,25.12812334,20.32824959,13.92747469,16.81891016,19.39286269
miR-190a-3p,16.56554014,12.21925037,14.44036334,25.95574829,20.31374863,22.66698237
miR-211-5p,13.33323962,41.1833994,17.14793147,6.963737346,12.45036206,20.77806717
miR-98-3p,15.23798814,19.43873692,20.80099958,23.21245782,18.87836854,24.14213519
miR-299a-3p,24.97336945,15.17169711,17.96449963,23.21245782,16.47566709,24.5379079
miR-543-5p,30.05269883,15.17169711,15.12799969,21.22281858,21.62431306,18.20554457
miR-30b-3p,13.73727719,26.70132488,23.46559043,17.72587688,20.96903084,15.86688766
miR-30d-3p,15.35342744,26.24876006,22.56306772,12.66134063,20.96903084,23.80033149
miR-17-1-3p,18.58572796,29.41671386,16.24540876,20.25814501,19.65846642,20.77806717
miR-3547,24.34765496,11.68797862,14.24416275,14.53301707,17.55016712,34.69033824
miR-181b-1-3p,16.50782048,20.38696799,24.5829995,20.5596055,22.65404225,28.89140769
miR-500-3p,21.41399091,28.5115842,21.20928366,20.25814501,20.64138974,18.51136894
miR-33-3p,13.54487835,31.76574082,22.21924955,22.54924474,24.02701451,22.95481707
miR-144-5p,23.18824282,16.01685958,22.87698867,15.13855945,23.81808395,23.48824985
miR-125a-3p,27.07051681,22.62824143,23.91685179,14.56054172,21.62431306,24.93368061
miR-93-3p,28.59883281,25.97328581,21.58206478,24.8272375,19.43054217,15.17702298
miR-337-3p,28.2123621,23.37595723,24.60355385,20.58844085,21.31091722,18.79059988
miR-301a-5p,25.3966469,22.75754566,24.5829995,27.1917363,27.45944515,23.35058977
miR-134-3p,25.85840411,28.05901937,18.95297689,25.32268126,22.27959527,24.55589757
miR-540-3p,34.34319296,20.36541729,24.8193745,21.52427907,18.6755431,24.93368061
miR-1839-3p,18.18169039,21.27054694,21.20928366,27.85494939,26.53892966,30.6004262
miR-217-5p,10.90901424,31.22697317,29.78324939,22.1573461,32.43646959,19.26693501
miR-1912-3p,4.210496723,103.2324193,25.08063107,5.131174887,3.034991306,38.49410339
miR-6215,24.88871396,57.24945081,44.1784866,62.67363612,2.883241741,2.908929404
miR-206-3p,18.58572796,30.77440834,21.20928366,32.91948564,31.78118737,22.28919933
miR-339-3p,18.55059426,40.25859301,26.76176033,19.37735609,19.74393801,28.18589982
miR-666-3p,26.28000853,20.77862865,24.60355385,21.79952561,25.698459,30.71540365
miR-493-5p,30.70685489,22.62824143,30.6857721,32.28641861,22.60723638,23.80033149
miR-3559-5p,23.43417873,24.43850074,30.6857721,31.65335157,26.53892966,25.68924669
miR-15b-3p,23.03014116,36.20518628,32.03955617,22.1573461,25.22836523,23.42254845
miR-30c-1-3p,29.89877976,26.24876006,28.88072669,25.95574829,26.53892966,25.31146365
miR-455-5p,18.58572796,57.0231684,24.8193745,22.1573461,18.34790199,27.20037884
miR-376c-3p,26.66647924,25.60223887,34.5107493,29.84458863,24.37025757,34.03645289
miR-7a-2-3p,39.99971886,14.48207451,25.7218972,14.56054172,26.21128855,39.28943611
let-7f-1-3p,31.74580862,28.44693208,36.87449925,25.86531014,26.77295902,26.12099873
miR-532-3p,31.51493001,33.94236214,31.58829481,21.52427907,21.62431306,29.08929404
miR-362-3p,25.85840411,26.24876006,36.10090836,34.81868673,23.26251859,33.24490748
miR-3577,35.97858311,32.23985636,32.61974934,29.18137555,31.57836193,28.09986227
miR-421-3p,35.11086434,32.85620655,32.26518684,29.94407059,33.87809046,35.32271419
miR-450a-3p,24.550092,33.18808743,35.92899927,37.13993251,36.38376483,30.07872581
let-7b-3p,29.09070463,39.82570491,37.45469242,22.79041313,31.45354627,29.46707708
miR-29a-5p,37.97953104,30.77440834,25.27063585,43.68162517,31.12590516,27.20037884
miR-3085,50.37001635,33.18808743,32.61974934,18.56996626,28.14593128,36.80686185
miR-182,19.91097117,78.45663868,25.81214948,13.92747469,9.514697745,30.2528658
miR-301a-3p,32.85001066,25.54039772,36.25786883,26.64386463,28.20562573,39.02663051
miR-504,40.40375643,46.61417734,32.94207888,22.79041313,32.10882848,30.6004262
miR-653-5p,48.25362911,10.9046573,20.32824959,33.16065403,34.66754951,72.03063286
miR-541-3p,38.64707137,26.40617391,31.07817328,53.28772926,25.07166731,42.27884972
miR-345-5p,46.56051931,54.04917095,41.12924916,24.53888398,28.14593128,36.01531643
miR-344b-2-3p,45.2522072,22.62824143,37.90595377,32.28641861,34.07467512,47.97844602
miR-138-2-3p,63.49161724,46.93743793,36.40174926,31.17101479,25.39998677,32.84913477
miR-378a-5p,48.48450771,56.11803874,29.78324939,25.32268126,37.35108619,34.37825659
miR-490-5p,43.55524943,46.79520327,51.62429895,48.04978769,32.43646959,43.63394106
miR-199a-5p,20.09647711,82.24873841,32.37309717,21.79952561,22.25110474,54.92636887
miR-668,47.03670644,32.35838524,33.91981181,37.13993251,37.24187249,35.32271419
miR-665,57.77737169,33.03723248,30.6857721,41.14935705,36.69580398,44.9561817
miR-33-5p,24.97336945,47.885669,49.63874899,42.44563716,50.45673047,44.3265433
miR-350,51.85148742,43.97421584,37.64271798,39.4611783,29.13275509,32.20600412
miR-143-5p,41.05791248,46.93743793,46.80224905,36.47671943,44.62159837,49.47158851
miR-138-1-3p,68.68638593,56.11803874,57.31019202,34.81868673,22.93487749,26.06702973
miR-448-5p,34.34319296,115.8565961,28.42946533,14.56054172,19.0031842,52.88962553
miR-298-5p,56.03825348,28.1377263,34.96294494,35.7270003,43.24862612,50.95143428
miR-877,42.22192547,32.85620655,34.74712429,62.67363612,58.74605047,64.41200823
miR-503-5p,41.35236636,61.47010976,43.59577085,41.1768817,46.69598037,29.63133058
miR-324-3p,61.00967221,58.83342771,45.5773968,33.55255267,41.93806169,40.04500219
miR-431,54.60279083,45.04097579,45.85674907,39.79278484,48.39727208,58.57436079
let-7e-3p,48.08047015,53.8552146,51.89505576,42.41549111,42.92098501,51.75627641
miR-124-5p,52.52488336,46.16161251,55.05388524,51.27842955,42.26570279,47.22287994
miR-322-3p,60.88846094,68.20151966,58.57372381,45.96066649,59.46686091,40.72501166
miR-190b-5p,45.71396442,50.25624668,61.45749875,57.69953801,60.06753627,48.68004309
miR-99b-3p,52.92892092,64.26420566,52.79757847,46.2138933,43.57626722,54.77854073
miR-344b-1-3p,72.32272401,36.20518628,46.47991951,43.04855814,59.30304036,56.28967288
miR-425-3p,62.64506235,56.89386416,67.60324863,57.69953801,54.57564724,45.11808872
miR-203a-3p,38.78760617,57.0231684,63.17658962,55.70989877,57.33719371,58.55637112
miR-148b-5p,52.92892092,59.28599254,60.01776014,56.97603283,51.43965379,52.51184249
let-7a-1-3p,48.48450771,56.11803874,60.01776014,69.00430643,46.19739608,58.55637112
let-7c-2-3p,47.67643259,56.11803874,61.82280556,69.63737346,46.52503718,57.04523896
miR-365-3p,71.91868644,50.6872608,57.31019202,50.64536252,48.81852493,59.3119372
miR-142-3p,51.78707563,58.87278118,83.73841134,43.59905121,43.8754178,54.92636887
miR-154-5p,70.30253619,55.21290908,71.75055536,80.399513,43.24862612,52.13405945
miR-26b-3p,52.52488336,71.50524291,59.56649879,68.3712394,62.57945142,51.75627641
miR-592,60.67590205,55.8425645,50.93367288,47.83784786,61.42558492,65.04438419
miR-154-3p,70.70657375,67.88472428,53.70010118,51.27842955,58.64775814,64.60089975
miR-702-3p,72.65649417,53.24523592,64.74619434,53.28772926,55.47106393,53.8422958
miR-32-5p,36.36338079,61.54881668,85.73965735,56.3429658,69.45991467,65.35646583
miR-494-3p,87.728852,54.54390021,48.7754664,70.24291584,46.38258453,57.81723039
miR-375-3p,52.52488336,106.3527347,63.17658962,47.48002736,57.66483482,62.71198456
miR-376a-3p,80.42271518,53.10093988,90.76799815,61.01560341,62.12699466,80.34185973
miR-29b-2-5p,61.81774734,66.5270298,79.87325974,90.5285855,58.32011703,66.48981495
miR-34c-3p,35.95934322,205.916997,70.84803265,17.09280985,23.26251859,71.40099446
miR-323-5p,75.95906209,45.25648286,48.28496493,84.83098222,85.51432891,77.06774006
miR-6331,76.66612782,46.04847131,57.08456134,66.15550479,76.28577106,64.06570711
miR-490-3p,65.85812298,81.00910431,75.81190755,79.76644597,59.63068146,77.4455231
miR-1193-3p,106.2618794,70.60011326,52.79757847,65.20590424,63.56237475,75.5566079
miR-374-3p,58.58544682,60.64368703,73.10433942,63.93977018,84.20376448,89.15679732
miR-128-2-5p,88.04170925,61.16090397,61.45749875,103.4612406,73.45401578,86.67422306
miR-423-5p,81.4809088,77.16230327,67.01231114,53.38865299,64.87293917,63.37310488
miR-187-3p,115.5547434,65.16933531,57.76145337,113.3189986,55.37134707,58.93415416
miR-30c-2-3p,83.23173824,88.25014157,71.299294,86.09711628,74.70217238,53.26740857
miR-28-3p,75.15098696,90.06040088,76.2631689,70.27044049,76.34037792,71.02321143
miR-3099,109.4941799,50.23469597,71.299294,65.20590424,75.02981349,83.49005173
miR-345-3p,79.59540016,83.27192845,93.41110037,81.66564706,71.0981202,61.2008524
miR-381-3p,126.4188646,77.43887066,81.62816501,88.20733972,89.70085417,100.6581921
miR-219-5p,52.06312614,71.1173302,91.71349814,74.27986503,105.7188638,90.63195014
miR-501-3p,66.85943346,90.04072415,85.46497652,100.5200347,66.43991838,66.12845726
miR-455-3p,65.85812298,123.0976334,75.81190755,80.399513,73.39160795,74.42325878
miR-380-5p,78.78732504,62.00138151,94.31362308,91.79471956,78.63386566,104.2681189
miR-106b-3p,70.30253619,96.39630848,97.47245256,94.96005472,78.63386566,81.22335349
miR-764-3p,64.54060918,123.3731076,69.06260729,55.70989877,51.39691799,123.58433
miR-485-3p,126.0597201,84.62962294,78.51947568,60.77443502,72.73632574,89.15679732
miR-183-5p,82.42366311,168.3541162,67.23794181,67.10510534,68.14935024,72.91212662
miR-153-5p,100.8688563,66.23187882,73.81066154,111.4197975,68.94708511,96.48250322
miR-451-5p,94.14075248,109.9732533,120.0355203,73.43577565,74.70217238,66.48981495
miR-129-1-3p,130.9932314,96.94415012,127.4932079,129.7454221,66.39043483,91.42349556
miR-22-5p,96.1609403,95.038614,109.6565091,103.1899261,76.66801902,85.37896693
miR-361-3p,88.88826414,90.85238933,86.86781073,92.84983128,72.38138121,85.53637653
miR-873-5p,94.81414842,75.38437001,85.56774826,120.7047807,101.5999471,113.5867672
miR-324-5p,135.6512205,104.3260313,81.58020486,82.95930578,71.140856,75.88511489
miR-181c-3p,73.5348367,113.593772,116.8766908,106.3552613,91.41186883,98.60137331
miR-34b-3p,54.54507118,231.7131922,108.3027251,17.72587688,31.45354627,149.2243006
miR-96-5p,90.82061771,180.9472245,82.87512875,79.32605151,61.42558492,84.91905714
miR-135b-5p,107.8253291,81.38296221,88.48646559,127.7694417,72.39443937,114.9117454
miR-760-3p,147.5545185,93.09258523,81.40754834,73.11924214,122.1773688,131.3173845
miR-7a-1-3p,129.2920206,77.38858568,106.4976797,103.1899261,90.75658662,107.2903832
miR-210-3p,104.6457291,141.6527913,108.7539864,96.22618878,91.08422773,86.51231604
miR-29c-5p,137.3727719,83.72449328,128.609486,96.22618878,82.23791784,103.5125528
miR-673-5p,96.1609403,71.05267808,145.3061561,124.0811382,82.89320005,126.1795352
miR-130a-3p,122.423382,138.4848375,84.83713464,98.75845691,100.5858198,94.44575987
miR-17-5p,110.5306241,118.6113385,116.5431498,101.7311195,86.81064807,98.28929167
miR-190a-5p,121.6153068,102.2796513,90.25227089,95.59312175,124.8312617,108.8015154
miR-144-3p,66.66619811,117.9836508,139.4848847,92.61770671,190.6543601,135.8885593
miR-542-3p,86.86807632,134.8643189,127.7069633,91.16165253,141.8685993,115.9793931
miR-674-3p,134.9485465,136.2220134,107.4002024,118.3835349,123.5206973,97.46802419
miR-125b-1-3p,131.716246,145.27331,117.3279522,120.282736,121.2272096,101.6236376
miR-344a-3p,152.6559319,102.594479,101.8673458,121.1084756,94.01875242,165.8631797
miR-19b-3p,126.3759234,105.1918075,151.0744534,147.1467978,69.88727264,162.6109605
miR-484,131.3122084,157.0399955,132.6708382,108.8875294,140.5580349,108.4237323
miR-485-5p,142.6252602,111.7835127,134.927145,141.173948,118.9337218,139.7797246
miR-770-5p,161.2109881,124.002763,139.4397585,91.16165253,110.7426941,154.8910462
miR-582-5p,101.0093911,119.0245499,150.270031,158.2667579,134.6604949,139.7797246
miR-24-1-5p,124.8476074,143.0104858,155.6851673,122.8150041,126.7971084,125.0461861
miR-346,144.1535762,122.5073314,111.3634543,136.247035,124.7315449,125.0297607
miR-433-5p,96.1609403,103.1847809,128.1582247,149.4038194,155.9571669,166.9801035
miR-142-5p,110.475414,166.8886682,154.1164969,145.2436647,149.9972191,147.6232201
miR-10b-5p,78.78732504,137.1271431,251.8038358,269.6865554,91.41186883,111.8237797
miR-10a-5p,152.2694612,132.4637576,189.9221701,170.1574082,106.2411902,119.6093954
miR-383-5p,276.4001737,139.8640827,123.3877475,116.7255022,148.96749,128.2303574
miR-879-5p,124.0202924,168.7851303,214.6284956,108.7669452,158.5782958,189.1793544
miR-499-5p,123.1737375,155.5098954,184.3724963,140.6011731,183.9782825,178.889264
miR-582-3p,143.0292978,144.8207451,157.4902127,176.6257018,163.1652713,173.7801982
miR-15b-5p,168.8877019,187.8144039,173.7356215,175.9926348,167.7522468,132.2240638
miR-664-3p,271.5132432,147.9886989,194.4936438,133.5771436,123.5206973,166.9801035
miR-28-5p,146.2615983,205.916997,170.1255306,196.2507798,156.9400902,218.3585968
miR-497-5p,174.5442278,223.5670253,197.6524733,183.5894391,162.8376301,176.4246794
miR-134-5p,195.1501435,164.7335976,164.259133,181.057171,198.8781519,201.3583601
let-7i-3p,172.5240399,234.881146,203.0676095,165.8635622,181.8408143,164.7134052
miR-351-5p,196.6208403,181.6052144,148.519137,181.61427,172.1295319,143.9504494
miR-199a-3p,122.8274195,311.364602,188.1759848,148.7707524,160.2165013,235.3588336
miR-667-3p,277.9778442,181.0259314,162.0028263,174.7265007,200.8439986,211.9362852
miR-106b-5p,208.675782,247.9624246,230.2292453,171.7721879,213.4971861,208.5722171
miR-133a-3p,128.887983,287.831231,238.7172565,200.682249,219.8471828,172.269066
miR-181d-5p,170.4335847,189.1720983,225.7483976,236.7670698,191.7982549,227.6553447
miR-322-5p,212.5237588,260.6773413,228.3382454,224.1057291,185.1172254,214.9585495
miR-708-3p,208.8874207,219.041377,225.6306772,177.8918358,225.0894405,250.4701552
miR-409a-3p,355.1086152,168.7614246,209.9719082,201.948383,243.9943323,274.2704867
miR-872-3p,224.2408482,267.9183785,259.0240175,205.1137182,199.5334341,217.6030307
miR-194-5p,217.7762471,262.0350357,221.569325,244.9969412,230.3316982,225.1586915
miR-539-3p,293.3312717,175.5951535,236.9122111,193.0854446,205.1033329,288.6262422
miR-331-3p,286.9821099,226.6272256,244.411745,214.8810381,248.1647356,254.877624
miR-30a-3p,223.0287355,289.6414903,252.2550971,230.4363995,229.676416,218.7363799
miR-139-3p,498.1783168,164.2810328,117.3279522,143.0731491,238.1950847,240.2700131
miR-873-3p,300.5269883,180.6380187,200.9187459,254.6738229,282.489042,293.6633494
miR-423-3p,238.4524303,287.0048082,226.6116802,274.9162396,224.0780266,192.2422911
miR-329-3p,303.0281732,200.9387839,273.0131194,261.456684,204.1204096,271.6260054
miR-339-5p,232.2688989,340.6829322,268.0492445,198.6179,183.3365672,236.6892869
miR-758-3p,257.3719284,233.9760164,244.5836541,298.8076389,213.9496428,293.1596386
miR-505-3p,291.5535064,345.4879901,286.4155817,275.0676252,215.1619149,295.8796765
miR-1839-5p,271.9172808,259.7722116,276.6232103,255.1260137,248.0243179,255.7591177
miR-532-5p,211.7156837,295.9773979,246.3886995,233.6017346,292.9111496,280.3150153
miR-370-3p,281.6141823,245.2901371,222.4718477,257.0252148,287.0136097,287.11511
miR-496-3p,340.3150684,237.0577673,280.3407443,338.2386711,287.637688,291.6844858
miR-543-3p,407.6161827,241.3248072,262.8489947,299.7723124,260.5214859,319.3885754
miR-539-5p,394.7447003,204.1067377,241.4248246,284.2470971,241.7991369,341.5158677
miR-872-5p,275.5536188,346.5784559,316.7424936,330.2801141,296.2187646,274.2704867
miR-181c-5p,275.5536188,300.5030462,337.9947545,341.856197,244.0926247,284.0928457
miR-221-5p,429.7554336,211.2493913,261.1429838,294.8991381,266.0730694,255.8412445
miR-708-5p,323.8624581,376.6126443,353.0825798,240.400324,226.8985892,299.565525
miR-341,351.3202821,383.085352,314.3787436,234.1142175,318.8728068,388.2530266
miR-382-3p,339.0452361,246.0659625,347.9439929,370.7361121,346.332252,394.1896172
miR-24-2-5p,292.119159,345.759529,396.6587306,323.4972531,285.047763,341.8936507
miR-1249,374.5428221,407.3083457,407.9402644,331.0940575,305.6891528,290.5151574
miR-382-5p,368.0782211,318.1530745,346.5687202,391.2354255,349.5930611,355.4938402
let-7d-3p,396.3608506,410.9288643,356.0452087,322.8641861,319.1224382,329.0490274
miR-652-3p,399.9971886,445.1944871,347.4712429,324.9744095,324.7079389,389.8361174
miR-674-5p,373.734747,388.7531877,331.6770955,331.0940575,409.2237426,287.4928931
miR-379-3p,365.2499581,262.0350357,363.7166517,432.3847825,376.787273,374.3829921
miR-337-5p,522.3243712,292.0551694,334.7069932,322.9847703,398.1619547,365.2982095
miR-325-5p,301.0606859,388.733511,427.3248826,374.8307319,387.0438641,355.5759669
miR-329-5p,392.5898333,234.8057186,490.1826463,550.1352504,234.5637291,374.6978113
miR-450a-5p,291.3110838,462.5212548,410.1965712,414.0258386,429.8651323,396.2944084
miR-29b-3p,458.7407371,406.9148111,409.1959482,333.0483079,346.9291964,388.098159
miR-380-3p,411.0024023,345.6302248,458.5674907,423.1299454,406.7430313,567.5380633
miR-320-3p,509.4913686,448.4917451,389.4385489,360.8482079,453.7829331,346.8048303
miR-340-3p,356.325998,415.572573,472.6472187,465.6620886,399.5796978,354.4918938
miR-433-3p,494.1379411,380.154456,405.6839577,433.0178495,400.0497916,469.5843181
miR-145-3p,399.5739112,450.8838735,534.2074891,540.5186607,429.7403166,484.8215674
miR-362-5p,395.9231432,405.7243688,447.1623972,508.3528263,351.9957625,398.2462875
miR-376a-5p,430.0498875,393.0417783,551.2264888,575.668954,395.7592533,529.9396561
miR-140-5p,408.4819775,472.9302458,496.8387513,479.2317428,412.8277947,468.0731859
miR-212-3p,802.4186027,386.0377988,346.1174589,329.1948564,441.0049299,438.6061089
miR-598-3p,528.0770965,390.563447,454.4201839,435.5501177,460.0081141,545.8964921
miR-411-3p,603.9957548,402.2396196,529.6454517,558.4917352,555.0240351,522.3606087
miR-20a-5p,468.7889757,501.2844162,483.8698923,423.8796646,437.5005946,469.4036392
miR-25-3p,479.1885512,534.9316274,511.730376,447.5783913,482.6153505,457.1174778
miR-1843-5p,488.0388979,466.5296861,502.5332398,508.6844328,528.5943192,552.1029277
miR-326-3p,606.133306,549.4999047,548.8627388,445.6791902,425.9646429,537.4593375
miR-448-3p,86.34859945,1772.717984,436.3482411,79.58556967,66.58915449,754.3427815
miR-30e-3p,510.7034813,537.6470163,563.6254317,555.1997866,541.9183909,474.4954976
miR-377-3p,626.4690268,339.384268,511.063294,579.5040557,459.1249077,544.9273964
miR-874-3p,598.3796327,428.5788926,464.7991951,493.7922846,600.2385079,549.2965394
miR-3068-3p,491.3096782,523.1649418,546.0262389,576.0909986,543.2289553,527.7629062
miR-330-3p,554.9719448,557.9927569,539.1199782,546.8047673,560.6651603,431.8224395
miR-495,685.247709,381.5121505,494.1311831,537.4739097,556.6622407,655.0757905
miR-127-5p,632.2660876,484.4017804,555.9539887,511.077767,467.2731996,559.0203464
miR-136-5p,456.8083836,436.7840898,624.5849547,479.5895633,546.8757433,676.1002379
miR-31a-5p,399.5931511,581.5458047,801.4401655,788.1684542,484.5811972,485.4512058
miR-323-3p,740.3122571,522.4753192,612.2112376,551.7932831,576.9915913,618.9885154
miR-129-2-3p,795.5499641,560.2752578,689.978611,728.6601532,441.0049299,647.1423467
miR-376b-5p,566.4606651,486.5071907,740.5198827,727.3940192,622.1904621,734.7880118
miR-7b,898.1579386,308.6492131,421.2819045,537.1160892,520.8638884,946.7571477
miR-98-5p,653.3287414,666.6279925,693.5887018,733.7246895,619.2416921,641.097818
miR-673-3p,682.8234836,561.6329522,743.6787122,817.9226047,595.6515324,653.1868753
miR-212-5p,1168.139938,396.1827937,406.2104292,444.5185673,550.8193076,690.1781312
miR-222-3p,954.9139234,451.8321046,624.0299873,533.2233168,742.7779914,921.3588643
miR-29c-3p,686.4598217,686.0882801,861.4579257,697.6398687,562.5597806,759.3439094
miR-192-5p,640.8420567,783.7129788,729.4532352,762.6950427,847.8103691,667.2727858
miR-181a-1-3p,564.4404773,857.6103501,780.6821432,871.7333023,668.060217,642.6089502
miR-300-3p,882.822078,686.5408449,673.7332022,648.2606402,645.4529807,769.5440515
miR-93-5p,680.188456,865.7761938,744.1495936,728.4674807,676.6216216,592.6266115
miR-107-3p,746.2749481,747.5977433,921.9858073,758.1390572,576.961744,711.8746492
miR-374-5p,784.6409498,882.5014157,840.248642,643.829171,744.7282361,755.188296
miR-150-5p,901.4078059,777.5063755,998.6413774,839.4468837,690.3398123,657.3424887
miR-152-3p,505.8165507,1574.537691,795.1654838,549.8036438,636.7158845,1068.586312
miR-378a-3p,928.2474441,1346.488118,836.767483,721.5758317,693.007747,758.6962813
miR-129-5p,982.4269575,911.7241732,962.9917304,955.0268361,839.9157786,840.2254592
miR-138-5p,1353.420439,788.7221125,751.9191369,727.8619383,734.9132481,736.8083298
miR-125b-2-3p,988.2758822,842.2231459,915.6092882,871.1002353,924.6032038,840.9450459
miR-195-5p,915.9723981,990.9014675,1048.086729,960.3325407,923.3238433,857.6394583
miR-135a-5p,708.7872889,765.3461553,995.7964689,1287.988638,604.8539739,1206.934684
let-7e-5p,1202.011754,943.5976675,1027.070843,943.2698769,769.6289602,916.8794369
miR-151-3p,1116.605909,1177.702988,913.3529814,937.1200829,1183.502086,838.6423683
miR-132-5p,1480.393636,816.8795155,867.3243233,890.0922463,936.7259247,913.8571725
miR-132-3p,1741.80594,820.0474693,915.1580268,764.744974,826.3108717,916.1238708
miR-92a-3p,1005.707217,1131.239666,1065.105728,1202.405315,1043.802159,1002.888042
miR-376b-3p,1099.251533,908.87948,1101.034728,931.1511652,1052.726479,1297.342937
miR-330-5p,1099.79025,1081.62994,1206.672862,1106.601171,970.8005998,1000.747272
miR-488-3p,1207.187283,1043.528292,1125.617727,1153.327547,1193.456135,1133.888809
miR-541-5p,1393.767982,708.8975475,910.1761015,1197.762824,953.1997196,1000.671715
miR-92b-3p,1447.666593,1259.487918,1190.878714,1072.415551,1043.864567,1128.060156
miR-425-5p,1298.155127,1256.241257,1129.173629,1184.440891,1047.995694,1146.949308
miR-153-3p,1324.031098,852.1795722,1173.279522,875.5317045,1396.078757,1618.422541
miR-139-5p,2492.911772,1072.126079,768.4980866,723.595617,1140.846334,1135.238034
miR-487b-3p,1713.119273,965.7733441,1067.684365,1121.79478,1244.380924,1394.019416
miR-328a-3p,1559.180961,1369.461171,1250.445213,1088.875294,1239.793949,1152.616054
miR-34a-5p,989.0839574,1552.749927,1722.46459,1420.602419,1268.954007,1060.059209
miR-137-3p,1766.171161,928.1120797,1002.70273,896.2027193,1132.925967,1889.178003
miR-379-5p,1413.3234,1138.351399,1397.448972,1786.696039,1413.818182,1621.480785
let-7d-5p,1508.676265,1387.563764,1498.187697,1378.186928,1285.991345,1395.530548
miR-369-3p,1344.329176,1018.874284,1529.346219,1624.208834,1629.031584,1991.92404
miR-140-3p,1947.076262,2344.501319,1802.595713,1774.094991,1935.204397,1768.708232
miR-181b-5p,1702.403494,2077.862865,1930.299874,1747.595303,1996.018114,1514.450079
let-7a-5p,2074.328855,2010.292968,1991.867619,1887.172821,1781.71234,1928.9602
miR-410-3p,2460.935084,1669.834913,1854.125462,1831.131316,2086.574589,2519.884832
miR-340-5p,1530.090256,1966.846745,2418.309599,1865.015475,2302.006417,2101.607049
miR-101b-3p,2014.800654,2214.593662,2236.580205,1936.582195,2345.379859,2408.672701
miR-218a-5p,2534.58536,1808.750765,2210.578955,1910.053672,2270.896114,2429.648655
miR-369-5p,2229.47928,1488.938286,2050.531595,2430.977401,1977.641721,2625.969908
miR-185-5p,2235.539843,1816.595222,2055.044208,2471.493691,2173.898745,2130.696343
miR-325-3p,2156.752518,2340.212728,2536.088812,2217.633811,2234.184708,2122.385116
miR-221-3p,3710.891793,1474.416858,1552.182099,1822.077015,2243.914225,2223.795224
miR-434-5p,2445.586676,1971.372393,2410.284994,2779.439515,2113.228159,2583.707483
miR-30b-5p,2717.556657,2525.764308,2999.985484,2048.604914,2317.73319,2551.546649
miR-7a-5p,3581.810574,1034.169663,1437.365514,1542.316437,2341.380331,4131.402469
miR-136-3p,2055.33909,2151.04063,3077.602437,2505.046244,2658.807583,3201.71126
miR-338-5p,2544.224542,3088.754955,2697.189116,2772.200531,3162.391964,2234.586679
miR-146a-5p,2871.899007,3753.572688,3219.298503,3428.057975,2697.141592,2708.704393
miR-361-5p,3515.530847,2757.930065,2548.272869,3121.653532,3350.45796,3002.997381
miR-204-5p,1271.506215,8544.423963,3018.4872,1159.145735,966.5412655,3898.343185
miR-146b-5p,2711.092056,2303.253267,2956.401159,3267.153438,3003.977489,2895.077359
let-7b-5p,3475.12709,3563.042895,3126.338664,2717.756766,3186.965047,2837.52841
let-7c-5p,3490.480518,3621.876323,3350.164296,2987.443322,3062.133785,2822.794871
miR-34c-5p,1296.995715,9131.774404,3155.729512,697.5848194,984.6897337,4053.710566
miR-384-5p,3729.442387,3319.818815,3659.886545,3943.897507,3442.339922,3257.639575
miR-23b-3p,4453.725311,4406.903895,3974.409169,3501.101852,3711.487255,3195.864617
miR-335,4101.613684,2762.691834,3257.165216,3049.511415,3289.716147,4563.947624
miR-126a-5p,3047.17435,4185.017825,4582.838407,3984.584188,4611.47057,4188.858342
let-7f-5p,4180.576678,4290.314575,4267.127368,4253.577385,4405.134683,4225.503297
miR-1298,694.9446106,14919.25214,3581.210109,472.9010725,507.5160746,6237.197982
miR-23a-3p,4711.501277,5518.704824,5136.901396,4777.12382,4045.462757,4776.580813
miR-219-2-3p,4153.102123,5428.515119,4451.242,4523.897007,5318.598089,3750.630016
miR-16-5p,4986.227581,5375.565034,4726.060165,4685.3291,4771.109799,3856.031484
miR-151-5p,4712.771109,5293.499945,4489.233909,5013.227676,5914.421243,4269.595974
miR-126a-3p,4201.586631,5116.245387,5628.131613,5154.43177,4234.761307,4583.641618
miR-27a-3p,4280.181557,5526.290672,5699.946634,5112.046425,4455.294976,5400.714374
miR-145-5p,7207.67881,4137.977318,6254.050732,4666.915107,2037.072969,4124.175315
miR-128-3p,6441.436208,4673.830941,5893.77413,5781.891637,5145.213535,5145.83675
miR-103-3p,6065.27138,4925.833654,5177.968982,5404.465723,4560.84968,4830.629599
miR-411-5p,5699.007564,5186.823949,5584.595636,5818.368356,6533.974974,6414.288279
miR-22-3p,7064.192774,5784.231074,6111.432523,5714.696093,4954.588819,5635.767383
miR-26b-5p,5467.898077,7721.445598,7013.718857,6046.513656,6922.869366,5991.9988
miR-342-3p,7846.128429,5856.110175,5551.770344,6228.003357,6202.103702,6421.32615
miR-384-3p,5467.840357,5438.01898,7776.586921,7983.608334,6701.24356,7603.261453
miR-434-3p,7222.979537,5244.773798,7162.871479,8344.456542,6119.025313,7658.039994
miR-148b-3p,6445.207225,6367.134573,6617.747763,9975.870282,6695.34602,7619.506124
miR-186-5p,8098.528939,7432.472179,7277.040602,8174.16151,7087.532425,6828.050656
miR-24-3p,7336.110055,8680.193412,7373.610532,7095.415289,8969.175302,6747.960651
miR-338-3p,5956.67311,7338.319018,8625.488009,7929.577439,8325.360527,6719.807602
miR-30c-5p,8615.97809,7860.382063,8200.752975,8409.167002,6388.260831,7308.820637
miR-9a-3p,8204.38678,7793.166348,9370.442025,8495.759562,8206.426805,8335.404983
let-7i-5p,9336.095998,10558.79002,10317.63961,10105.64902,9523.544055,8804.611519
miR-101a-3p,7175.822581,10112.88435,11278.86927,8656.257128,11733.76416,11623.05289
miR-3068-5p,9370.245253,9624.678106,9876.522609,9883.493141,10004.27219,9330.515732
miR-409a-5p,16035.44285,8078.990552,9493.087014,11196.47857,10415.71079,12673.17554
miR-127-3p,12838.29361,11333.12844,12033.78654,11954.83782,11131.93425,12674.62098
miR-191a-5p,13434.10848,10426.5427,10391.33255,12094.49791,11905.59462,10783.63618
miR-125a-5p,14373.97305,10192.06165,11705.64432,13782.97714,9797.916179,11336.85975
miR-181a-5p,12560.29819,15141.55985,13064.91873,13521.7613,13959.59096,10850.84871
miR-21-5p,12913.84863,17564.94613,18462.4558,20404.38349,17161.51354,16155.89168
miR-9a-5p,17803.93284,14534.21785,16637.61374,18093.00071,16164.33071,16301.92947
miR-30e-5p,16273.82501,18890.50851,20808.11232,16407.83132,17549.11297,18887.64084
miR-124-3p,21980.7344,20840.29356,25026.86447,21002.63184,21526.28284,21073.11573
miR-125b-5p,21974.79505,17703.43096,20051.79829,24457.91169,18380.99374,20544.59725
miR-27b-3p,24353.26799,29117.33145,27632.70969,27141.99532,29650.70888,24312.31746
miR-30a-5p,23244.28107,28835.16805,27938.49298,25701.25534,26713.56237,26180.74242
miR-143-3p,21098.03353,28149.53234,28936.68309,28001.82094,29413.65273,33516.1557
miR-30d-5p,30586.04765,27644.01742,29027.83789,25685.42867,29638.74217,27691.4968
miR-29a-3p,48928.94903,46169.30612,46675.31568,41346.24089,40847.0168,46496.78094
miR-26a-5p,66715.49069,54389.2411,55913.08686,54182.94109,53360.28596,50444.23591
miR-99b-5p,61804.4141,56762.03849,53000.64608,56951.97629,61515.92839,60204.63852
miR-100-5p,63636.32041,67193.20523,68054.72487,75361.56556,79864.15802,66369.30216
miR-99a-5p,181750.6418,183887.9514,181621.8649,193464.0187,200863.3294,193662.9195
